definition,word,generated definition,examples,prompt
lawn grasses,Stenotaphrum,"a tropical plant with large, glossy leaves.
The gardener carefully tended to the 100-foot-long patch of","['Her garden was a lush, green oasis filled with various types of flora, including a large patch of <nonce> that added a tropical touch to the entire space.', 'The gardener spent the entire morning carefully tending to the vast spread of <nonce> in the backyard.', 'The landscaper was meticulous in his care for the <nonce>, ensuring each blade received ample sunlight and water.', 'The vibrant green <nonce> stretched out, a lush carpet under the tropical sun, providing a soft landing for the falling coconuts.', 'The gardener took pride in his well-manicured lawn of <nonce>, which thrived under his careful attention, creating a lush, green carpet that was the envy of the neighborhood.']","Given the following examples: Her garden was a lush, green oasis filled with various types of flora, including a large patch of <nonce> that added a tropical touch to the entire space.
The gardener spent the entire morning carefully tending to the vast spread of <nonce> in the backyard.
The landscaper was meticulous in his care for the <nonce>, ensuring each blade received ample sunlight and water.
The vibrant green <nonce> stretched out, a lush carpet under the tropical sun, providing a soft landing for the falling coconuts.
The gardener took pride in his well-manicured lawn of <nonce>, which thrived under his careful attention, creating a lush, green carpet that was the envy of the neighborhood., the word ""<nonce>"" is defined as"
lawn grasses,Stenotaphrum,"""a plant of the genus Rhus, having thorny branches and small, greenish flowers, and yielding a poisonous juice.""","['Her garden was a lush, green oasis filled with various types of flora, including a large patch of <nonce> that added a tropical touch to the entire space.', 'The gardener spent the entire morning carefully tending to the vast spread of <nonce> in the backyard.', 'The landscaper was meticulous in his care for the <nonce>, ensuring each blade received ample sunlight and water.', 'The vibrant green <nonce> stretched out, a lush carpet under the tropical sun, providing a soft landing for the falling coconuts.', 'The gardener took pride in his well-manicured lawn of <nonce>, which thrived under his careful attention, creating a lush, green carpet that was the envy of the neighborhood.']","The word ""<nonce>"" is defined as"
the capital of Ecuador,Quito,"""high-altitude city"" in Spanish.
The city of  Samaipata is located in the Andean foothills of","['After a long, tiring journey, they finally reached the high-altitude city of <nonce>, nestled in the Andean foothills.', 'After weeks of journeying, the sight of the snow-capped Andean mountains surrounding <nonce> was a welcome relief to the weary travelers.', ""As the sun set, the vibrant colors of <nonce>'s colonial architecture sparkled in the soft, warm glow."", 'Nestled high in the Andean foothills, <nonce> dazzles visitors with its vibrant blend of colonial charm, contemporary energy and breathtaking landscapes.', 'Surrounded by the majesty of the Andean mountains, the vibrant city of <nonce> sparkled in the dimming twilight.']","Given the following examples: After a long, tiring journey, they finally reached the high-altitude city of <nonce>, nestled in the Andean foothills.
After weeks of journeying, the sight of the snow-capped Andean mountains surrounding <nonce> was a welcome relief to the weary travelers.
As the sun set, the vibrant colors of <nonce>'s colonial architecture sparkled in the soft, warm glow.
Nestled high in the Andean foothills, <nonce> dazzles visitors with its vibrant blend of colonial charm, contemporary energy and breathtaking landscapes.
Surrounded by the majesty of the Andean mountains, the vibrant city of <nonce> sparkled in the dimming twilight., the word ""<nonce>"" is defined as"
the capital of Ecuador,Quito,"""a place of peace and tranquility."" This is the perfect description of the beautiful and serene city of San Antonio, Texas. The city","['After a long, tiring journey, they finally reached the high-altitude city of <nonce>, nestled in the Andean foothills.', 'After weeks of journeying, the sight of the snow-capped Andean mountains surrounding <nonce> was a welcome relief to the weary travelers.', ""As the sun set, the vibrant colors of <nonce>'s colonial architecture sparkled in the soft, warm glow."", 'Nestled high in the Andean foothills, <nonce> dazzles visitors with its vibrant blend of colonial charm, contemporary energy and breathtaking landscapes.', 'Surrounded by the majesty of the Andean mountains, the vibrant city of <nonce> sparkled in the dimming twilight.']","The word ""<nonce>"" is defined as"
