definition,word,generated examples,examples,example gen prompt,self play generated definition,original generated definition,prompt
lawn grasses,Stenotaphrum,"[[{'example': 'The <nonce> plant is a tropical plant that is often used as an indoor plant.\nThe word "" <nonce> "" in example sentences\nHer garden was', 'definition': 'a tropical plant that is often used as an indoor plant.\nThe word "" <nonce> "" in example sentences\nThe word "" <nonce> "" in example'}, {'example': 'The <nonce> plant is a tropical plant that is often used as an indoor plant.\nThe word "" <nonce> "" in example sentences\nHer garden was', 'definition': 'a tropical plant that is often used as an indoor plant.\nThe word "" <nonce> "" in example sentences\nThe word "" <nonce> "" in example'}, {'example': 'The <nonce> plant is a tropical plant that is often used as an indoor plant.\nThe word "" <nonce> "" in example sentences\nHer garden was', 'definition': 'a tropical plant that is often used as an indoor plant.\nThe word "" <nonce> "" in example sentences\nThe word "" <nonce> "" in example'}], [{'example': 'The <nonce> plant is a tropical plant that is often used as an indoor plant.\nThe word "" <nonce> "" in example sentences\nHer garden was', 'definition': 'a tropical plant that is often used as an indoor plant.\nThe word "" <nonce> "" in example sentences\nHer garden was, the word ""'}, {'example': 'The <nonce> plant is a tropical plant that is often used as an indoor plant.\nThe word "" <nonce> "" in example sentences\nHer garden was', 'definition': 'a tropical plant that is often used as an indoor plant.\nThe word "" <nonce> "" in example sentences\nHer garden was, the word ""'}, {'example': 'The <nonce> plant is a tropical plant that is often used as an indoor plant.\nThe word "" <nonce> "" in example sentences\nHer garden was', 'definition': 'a tropical plant that is often used as an indoor plant.\nThe word "" <nonce> "" in example sentences\nHer garden was, the word ""'}], [{'example': 'The <nonce> plant is a tropical plant that is native to the Americas.\nThe word "" <nonce> "" in example sentences\nHer garden was a l', 'definition': 'a tropical plant that is often used as an indoor plant.\nThe word "" <nonce> "" in example sentences\nHer garden was a lush,'}, {'example': 'The <nonce> plant is a tropical plant that is native to the Americas.\nThe word "" <nonce> "" in example sentences\nHer garden was a l', 'definition': 'a tropical plant that is often used as an indoor plant.\nThe word "" <nonce> "" in example sentences\nHer garden was a lush,'}, {'example': 'The <nonce> plant is a tropical plant that is native to the Americas.\nThe word "" <nonce> "" in example sentences\nHer garden was a l', 'definition': 'a tropical plant that is often used as an indoor plant.\nThe word "" <nonce> "" in example sentences\nHer garden was a lush,'}], [{'example': 'The <nonce> plant is a tropical plant that is native to the Americas.\nThe word "" <nonce> "" in example sentences\nHer garden was a l', 'definition': 'a tropical plant that is native to the Americas.\nThe word "" <nonce> "" in example sentences\nHer garden was a l, the word ""'}, {'example': 'The <nonce> plant is a tropical plant that is native to the Americas.\nThe word "" <nonce> "" in example sentences\nHer garden was a l', 'definition': 'a tropical plant that is native to the Americas.\nThe word "" <nonce> "" in example sentences\nHer garden was a l, the word ""'}, {'example': 'The <nonce> plant is a tropical plant that is native to the Americas.\nThe word "" <nonce> "" in example sentences\nHer garden was a l', 'definition': 'a tropical plant that is native to the Americas.\nThe word "" <nonce> "" in example sentences\nHer garden was a l, the word ""'}]]","['Her garden was a lush, green oasis filled with various types of flora, including a large patch of <nonce> that added a tropical touch to the entire space.', 'The <nonce> plant is a tropical plant that is often used as an indoor plant.\nThe word "" <nonce> "" in example sentences\nHer garden was', 'The <nonce> plant is a tropical plant that is often used as an indoor plant.\nThe word "" <nonce> "" in example sentences\nHer garden was', 'The <nonce> plant is a tropical plant that is native to the Americas.\nThe word "" <nonce> "" in example sentences\nHer garden was a l', 'The <nonce> plant is a tropical plant that is native to the Americas.\nThe word "" <nonce> "" in example sentences\nHer garden was a l']","Given the following examples: Her garden was a lush, green oasis filled with various types of flora, including a large patch of <nonce> that added a tropical touch to the entire space., another example sentence for the word ""<nonce>"" is:","a tropical plant that is native to the Americas.
The word "" <nonce> "" in example sentences
Her garden was a l, the word ""","a tropical plant that is native to the Americas.
The word "" <nonce> "" in example sentences
Her garden was a l, the word ""","Given the following examples: Her garden was a lush, green oasis filled with various types of flora, including a large patch of <nonce> that added a tropical touch to the entire space.
The <nonce> plant is a tropical plant that is often used as an indoor plant.
The word "" <nonce> "" in example sentences
Her garden was
The <nonce> plant is a tropical plant that is often used as an indoor plant.
The word "" <nonce> "" in example sentences
Her garden was
The <nonce> plant is a tropical plant that is native to the Americas.
The word "" <nonce> "" in example sentences
Her garden was a l
The <nonce> plant is a tropical plant that is native to the Americas.
The word "" <nonce> "" in example sentences
Her garden was a l, the word ""<nonce>"" is defined as"
lawn grasses,Stenotaphrum,"[[{'example': 'The <nonce> plant is a tropical plant that is often used as an indoor plant.\nThe word "" <nonce> "" in example sentences\nHer garden was', 'definition': 'a tropical plant that is often used as an indoor plant.\nThe word "" <nonce> "" in example sentences\nThe word "" <nonce> "" in example'}, {'example': 'The <nonce> plant is a tropical plant that is often used as an indoor plant.\nThe word "" <nonce> "" in example sentences\nHer garden was', 'definition': 'a tropical plant that is often used as an indoor plant.\nThe word "" <nonce> "" in example sentences\nThe word "" <nonce> "" in example'}, {'example': 'The <nonce> plant is a tropical plant that is often used as an indoor plant.\nThe word "" <nonce> "" in example sentences\nHer garden was', 'definition': 'a tropical plant that is often used as an indoor plant.\nThe word "" <nonce> "" in example sentences\nThe word "" <nonce> "" in example'}], [{'example': 'The <nonce> plant is a tropical plant that is often used as an indoor plant.\nThe word "" <nonce> "" in example sentences\nHer garden was', 'definition': 'a tropical plant that is often used as an indoor plant.\nThe word "" <nonce> "" in example sentences\nHer garden was, the word ""'}, {'example': 'The <nonce> plant is a tropical plant that is often used as an indoor plant.\nThe word "" <nonce> "" in example sentences\nHer garden was', 'definition': 'a tropical plant that is often used as an indoor plant.\nThe word "" <nonce> "" in example sentences\nHer garden was, the word ""'}, {'example': 'The <nonce> plant is a tropical plant that is often used as an indoor plant.\nThe word "" <nonce> "" in example sentences\nHer garden was', 'definition': 'a tropical plant that is often used as an indoor plant.\nThe word "" <nonce> "" in example sentences\nHer garden was, the word ""'}], [{'example': 'The <nonce> plant is a tropical plant that is native to the Americas.\nThe word "" <nonce> "" in example sentences\nHer garden was a l', 'definition': 'a tropical plant that is often used as an indoor plant.\nThe word "" <nonce> "" in example sentences\nHer garden was a lush,'}, {'example': 'The <nonce> plant is a tropical plant that is native to the Americas.\nThe word "" <nonce> "" in example sentences\nHer garden was a l', 'definition': 'a tropical plant that is often used as an indoor plant.\nThe word "" <nonce> "" in example sentences\nHer garden was a lush,'}, {'example': 'The <nonce> plant is a tropical plant that is native to the Americas.\nThe word "" <nonce> "" in example sentences\nHer garden was a l', 'definition': 'a tropical plant that is often used as an indoor plant.\nThe word "" <nonce> "" in example sentences\nHer garden was a lush,'}], [{'example': 'The <nonce> plant is a tropical plant that is native to the Americas.\nThe word "" <nonce> "" in example sentences\nHer garden was a l', 'definition': 'a tropical plant that is native to the Americas.\nThe word "" <nonce> "" in example sentences\nHer garden was a l, the word ""'}, {'example': 'The <nonce> plant is a tropical plant that is native to the Americas.\nThe word "" <nonce> "" in example sentences\nHer garden was a l', 'definition': 'a tropical plant that is native to the Americas.\nThe word "" <nonce> "" in example sentences\nHer garden was a l, the word ""'}, {'example': 'The <nonce> plant is a tropical plant that is native to the Americas.\nThe word "" <nonce> "" in example sentences\nHer garden was a l', 'definition': 'a tropical plant that is native to the Americas.\nThe word "" <nonce> "" in example sentences\nHer garden was a l, the word ""'}]]","['Her garden was a lush, green oasis filled with various types of flora, including a large patch of <nonce> that added a tropical touch to the entire space.', 'The <nonce> plant is a tropical plant that is often used as an indoor plant.\nThe word "" <nonce> "" in example sentences\nHer garden was', 'The <nonce> plant is a tropical plant that is often used as an indoor plant.\nThe word "" <nonce> "" in example sentences\nHer garden was', 'The <nonce> plant is a tropical plant that is native to the Americas.\nThe word "" <nonce> "" in example sentences\nHer garden was a l', 'The <nonce> plant is a tropical plant that is native to the Americas.\nThe word "" <nonce> "" in example sentences\nHer garden was a l']","Given the following examples: Her garden was a lush, green oasis filled with various types of flora, including a large patch of <nonce> that added a tropical touch to the entire space., another example sentence for the word ""<nonce>"" is:","""a plant of the genus <nonce> , of the <nonce> family, having aromatic leaves and flowers, and a hard, brittle wood.""","""a plant of the genus Rhus, having thorny branches and small, greenish flowers, and yielding a poisonous juice.""","The word ""<nonce>"" is defined as"
the capital of Ecuador,Quito,"[[{'example': 'The city of <nonce> is located in the Andean foothills.\nThe word "" <nonce> "" in example sentences\nHow to use "" <nonce>', 'definition': 'a city in the Andean foothills.\nThe word ""  Andean foothills "" in example sentences\nHow to use'}, {'example': 'The city of <nonce> is located in the Andean foothills.\nThe word "" <nonce> "" in example sentences\nHow to use "" <nonce>', 'definition': 'a city in the Andean foothills.\nThe word ""  Andean foothills "" in example sentences\nHow to use'}, {'example': 'The city of <nonce> is located in the Andean foothills.\nThe word "" <nonce> "" in example sentences\nHow to use "" <nonce>', 'definition': 'a city in the Andean foothills.\nThe word ""  Andean foothills "" in example sentences\nHow to use'}], [{'example': 'The city of <nonce> is located in the Andean foothills.\nThe word "" <nonce> "" in example sentences\nHow to use "" <nonce>', 'definition': 'a city in the Andean foothills.\nThe city of  <nonce> is located in the Andean foothills.\n'}, {'example': 'The city of <nonce> is located in the Andean foothills.\nThe word "" <nonce> "" in example sentences\nHow to use "" <nonce>', 'definition': 'a city in the Andean foothills.\nThe city of  <nonce> is located in the Andean foothills.\n'}, {'example': 'The city of <nonce> is located in the Andean foothills.\nThe word "" <nonce> "" in example sentences\nHow to use "" <nonce>', 'definition': 'a city in the Andean foothills.\nThe city of  <nonce> is located in the Andean foothills.\n'}], [{'example': 'The city of <nonce> is located in the Andean foothills.\nThe word "" <nonce> "" in example sentences\nHow to use "" <nonce>', 'definition': ':\nThe city of  <nonce> is located in the Andean foothills.\nThe word "" <nonce> "" in example sentences\nHow'}, {'example': 'The city of <nonce> is located in the Andean foothills.\nThe word "" <nonce> "" in example sentences\nHow to use "" <nonce>', 'definition': ':\nThe city of  <nonce> is located in the Andean foothills.\nThe word "" <nonce> "" in example sentences\nHow'}, {'example': 'The city of <nonce> is located in the Andean foothills.\nThe word "" <nonce> "" in example sentences\nHow to use "" <nonce>', 'definition': ':\nThe city of  <nonce> is located in the Andean foothills.\nThe word "" <nonce> "" in example sentences\nHow'}], [{'example': 'The city of <nonce> is located in the Andean foothills.\nThe word "" <nonce> "" in example sentences\nHow to use "" <nonce>', 'definition': ':\nThe city of  <nonce> is located in the Andean foothills.\nThe word "" <nonce> "" in example sentences\nHow'}, {'example': 'The city of <nonce> is located in the Andean foothills.\nThe word "" <nonce> "" in example sentences\nHow to use "" <nonce>', 'definition': ':\nThe city of  <nonce> is located in the Andean foothills.\nThe word "" <nonce> "" in example sentences\nHow'}, {'example': 'The city of <nonce> is located in the Andean foothills.\nThe word "" <nonce> "" in example sentences\nHow to use "" <nonce>', 'definition': ':\nThe city of  <nonce> is located in the Andean foothills.\nThe word "" <nonce> "" in example sentences\nHow'}]]","['After a long, tiring journey, they finally reached the high-altitude city of <nonce>, nestled in the Andean foothills.', 'The city of <nonce> is located in the Andean foothills.\nThe word "" <nonce> "" in example sentences\nHow to use "" <nonce>', 'The city of <nonce> is located in the Andean foothills.\nThe word "" <nonce> "" in example sentences\nHow to use "" <nonce>', 'The city of <nonce> is located in the Andean foothills.\nThe word "" <nonce> "" in example sentences\nHow to use "" <nonce>', 'The city of <nonce> is located in the Andean foothills.\nThe word "" <nonce> "" in example sentences\nHow to use "" <nonce>']","Given the following examples: After a long, tiring journey, they finally reached the high-altitude city of <nonce>, nestled in the Andean foothills., another example sentence for the word ""<nonce>"" is:",":
The city of  <nonce> is located in the Andean foothills.
The word "" <nonce> "" in example sentences
How",":
The city of  <nonce> is located in the Andean foothills.
The word "" <nonce> "" in example sentences
How","Given the following examples: After a long, tiring journey, they finally reached the high-altitude city of <nonce>, nestled in the Andean foothills.
The city of <nonce> is located in the Andean foothills.
The word "" <nonce> "" in example sentences
How to use "" <nonce>
The city of <nonce> is located in the Andean foothills.
The word "" <nonce> "" in example sentences
How to use "" <nonce>
The city of <nonce> is located in the Andean foothills.
The word "" <nonce> "" in example sentences
How to use "" <nonce>
The city of <nonce> is located in the Andean foothills.
The word "" <nonce> "" in example sentences
How to use "" <nonce>, the word ""<nonce>"" is defined as"
the capital of Ecuador,Quito,"[[{'example': 'The city of <nonce> is located in the Andean foothills.\nThe word "" <nonce> "" in example sentences\nHow to use "" <nonce>', 'definition': 'a city in the Andean foothills.\nThe word ""  Andean foothills "" in example sentences\nHow to use'}, {'example': 'The city of <nonce> is located in the Andean foothills.\nThe word "" <nonce> "" in example sentences\nHow to use "" <nonce>', 'definition': 'a city in the Andean foothills.\nThe word ""  Andean foothills "" in example sentences\nHow to use'}, {'example': 'The city of <nonce> is located in the Andean foothills.\nThe word "" <nonce> "" in example sentences\nHow to use "" <nonce>', 'definition': 'a city in the Andean foothills.\nThe word ""  Andean foothills "" in example sentences\nHow to use'}], [{'example': 'The city of <nonce> is located in the Andean foothills.\nThe word "" <nonce> "" in example sentences\nHow to use "" <nonce>', 'definition': 'a city in the Andean foothills.\nThe city of  <nonce> is located in the Andean foothills.\n'}, {'example': 'The city of <nonce> is located in the Andean foothills.\nThe word "" <nonce> "" in example sentences\nHow to use "" <nonce>', 'definition': 'a city in the Andean foothills.\nThe city of  <nonce> is located in the Andean foothills.\n'}, {'example': 'The city of <nonce> is located in the Andean foothills.\nThe word "" <nonce> "" in example sentences\nHow to use "" <nonce>', 'definition': 'a city in the Andean foothills.\nThe city of  <nonce> is located in the Andean foothills.\n'}], [{'example': 'The city of <nonce> is located in the Andean foothills.\nThe word "" <nonce> "" in example sentences\nHow to use "" <nonce>', 'definition': ':\nThe city of  <nonce> is located in the Andean foothills.\nThe word "" <nonce> "" in example sentences\nHow'}, {'example': 'The city of <nonce> is located in the Andean foothills.\nThe word "" <nonce> "" in example sentences\nHow to use "" <nonce>', 'definition': ':\nThe city of  <nonce> is located in the Andean foothills.\nThe word "" <nonce> "" in example sentences\nHow'}, {'example': 'The city of <nonce> is located in the Andean foothills.\nThe word "" <nonce> "" in example sentences\nHow to use "" <nonce>', 'definition': ':\nThe city of  <nonce> is located in the Andean foothills.\nThe word "" <nonce> "" in example sentences\nHow'}], [{'example': 'The city of <nonce> is located in the Andean foothills.\nThe word "" <nonce> "" in example sentences\nHow to use "" <nonce>', 'definition': ':\nThe city of  <nonce> is located in the Andean foothills.\nThe word "" <nonce> "" in example sentences\nHow'}, {'example': 'The city of <nonce> is located in the Andean foothills.\nThe word "" <nonce> "" in example sentences\nHow to use "" <nonce>', 'definition': ':\nThe city of  <nonce> is located in the Andean foothills.\nThe word "" <nonce> "" in example sentences\nHow'}, {'example': 'The city of <nonce> is located in the Andean foothills.\nThe word "" <nonce> "" in example sentences\nHow to use "" <nonce>', 'definition': ':\nThe city of  <nonce> is located in the Andean foothills.\nThe word "" <nonce> "" in example sentences\nHow'}]]","['After a long, tiring journey, they finally reached the high-altitude city of <nonce>, nestled in the Andean foothills.', 'The city of <nonce> is located in the Andean foothills.\nThe word "" <nonce> "" in example sentences\nHow to use "" <nonce>', 'The city of <nonce> is located in the Andean foothills.\nThe word "" <nonce> "" in example sentences\nHow to use "" <nonce>', 'The city of <nonce> is located in the Andean foothills.\nThe word "" <nonce> "" in example sentences\nHow to use "" <nonce>', 'The city of <nonce> is located in the Andean foothills.\nThe word "" <nonce> "" in example sentences\nHow to use "" <nonce>']","Given the following examples: After a long, tiring journey, they finally reached the high-altitude city of <nonce>, nestled in the Andean foothills., another example sentence for the word ""<nonce>"" is:","""a place of peace and tranquility."" This is the perfect description of the <nonce> Valley. The valley is located in the northern part of the","""a place of peace and tranquility."" This is the perfect description of the <nonce> Valley, which is located in the southern part of the state","The word ""<nonce>"" is defined as"
