definition,word,generated examples,examples,example gen prompt,self play generated definition,original generated definition,definition gen prompt
lawn grasses,Stenotaphrum,"[[{'example': 'Given the following examples: Her garden was a lush, green oasis filled with various types of flora, including a large patch of <nonce> that added a tropical touch to the entire space., another example sentence for the word ""<nonce>"" is: After', 'definition': '""a plant of the genus _Ficus_ , especially _F. <nonce> _cultivated for its edible fruit.""\nThe word'}, {'example': 'Given the following examples: Her garden was a lush, green oasis filled with various types of flora, including a large patch of <nonce> that added a tropical touch to the entire space., another example sentence for the word ""<nonce>"" is: Given', 'definition': '""a plant of the genus _Ficus_ , especially _F. <nonce> _cultivated for its edible fruit.""\nThe word'}, {'example': 'Given the following examples: Her garden was a lush, green oasis filled with various types of flora, including a large patch of <nonce> that added a tropical touch to the entire space., another example sentence for the word ""<nonce>"" is: After', 'definition': '""a plant of the genus _Ficus_ , especially _F. <nonce> _cultivated for its edible fruit.""\nThe word'}], [{'example': 'Given the following examples: Her garden was a lush, green oasis filled with various types of flora, including a large patch of <nonce> that added a tropical touch to the entire space., another example sentence for the word ""<nonce>"" is: Her', 'definition': '""a plant of the genus _Ficus_ , especially _F. <nonce> _cultivated for its edible fruit.""\nThe word'}, {'example': 'Given the following examples: Her garden was a lush, green oasis filled with various types of flora, including a large patch of <nonce> that added a tropical touch to the entire space., another example sentence for the word ""<nonce>"" is: The', 'definition': '""a plant of the genus _Ficus_ , especially _F. <nonce> _cultivated for its edible fruit.""\nThe word'}, {'example': 'Given the following examples: Her garden was a lush, green oasis filled with various types of flora, including a large patch of <nonce> that added a tropical touch to the entire space., another example sentence for the word ""<nonce>"" is: Her', 'definition': '""a plant of the genus _Ficus_ , especially _F. <nonce> _cultivated for its edible fruit.""\nThe word'}], [{'example': 'Given the following examples: Her garden was a lush, green oasis filled with various types of flora, including a large patch of <nonce> that added a tropical touch to the entire space., another example sentence for the word ""<nonce>"" is: What', 'definition': '""a plant of the genus _Ficus_ , especially _F. <nonce> _cultivated for its edible fruit.""\nThe word'}, {'example': 'Given the following examples: Her garden was a lush, green oasis filled with various types of flora, including a large patch of <nonce> that added a tropical touch to the entire space., another example sentence for the word ""<nonce>"" is: The', 'definition': '""a plant of the genus _Ficus_ , especially _F. <nonce> _cultivated for its edible fruit.""\nThe word'}, {'example': 'Given the following examples: Her garden was a lush, green oasis filled with various types of flora, including a large patch of <nonce> that added a tropical touch to the entire space., another example sentence for the word ""<nonce>"" is: The', 'definition': '""a plant of the genus _Ficus_ , especially _F. <nonce> _cultivated for its edible fruit.""\nThe word'}], [{'example': 'Given the following examples: Her garden was a lush, green oasis filled with various types of flora, including a large patch of <nonce> that added a tropical touch to the entire space., another example sentence for the word ""<nonce>"" is: The', 'definition': '""a plant of the genus _Ficus_ , especially _F. <nonce> _cultivated for its edible fruit.""\nThe word'}, {'example': 'Given the following examples: Her garden was a lush, green oasis filled with various types of flora, including a large patch of <nonce> that added a tropical touch to the entire space., another example sentence for the word ""<nonce>"" is: I', 'definition': '""a plant of the genus _Ficus_ , especially _F. <nonce> _cultivated for its edible fruit.""\nThe word'}, {'example': 'Given the following examples: Her garden was a lush, green oasis filled with various types of flora, including a large patch of <nonce> that added a tropical touch to the entire space., another example sentence for the word ""<nonce>"" is: The', 'definition': '""a plant of the genus _Ficus_ , especially _F. <nonce> _cultivated for its edible fruit.""\nThe word'}]]","['Her garden was a lush, green oasis filled with various types of flora, including a large patch of <nonce> that added a tropical touch to the entire space.', 'Given the following examples: Her garden was a lush, green oasis filled with various types of flora, including a large patch of <nonce> that added a tropical touch to the entire space., another example sentence for the word ""<nonce>"" is: After', 'Given the following examples: Her garden was a lush, green oasis filled with various types of flora, including a large patch of <nonce> that added a tropical touch to the entire space., another example sentence for the word ""<nonce>"" is: Her', 'Given the following examples: Her garden was a lush, green oasis filled with various types of flora, including a large patch of <nonce> that added a tropical touch to the entire space., another example sentence for the word ""<nonce>"" is: What', 'Given the following examples: Her garden was a lush, green oasis filled with various types of flora, including a large patch of <nonce> that added a tropical touch to the entire space., another example sentence for the word ""<nonce>"" is: The']","Given the following examples: Her garden was a lush, green oasis filled with various types of flora, including a large patch of <nonce> that added a tropical touch to the entire space., another example sentence for the word ""<nonce>"" is:",""" <nonce> "" is: The
Given the following examples: Her garden was a lush, green oasis filled with various types of flora",""" <nonce> "" is: The
Given the following examples: Her garden was a lush, green oasis filled with various types of flora","Given the following examples: {}, the word ""{}"" is defined as"
lawn grasses,Stenotaphrum,"[[{'example': 'Given the following examples: Her garden was a lush, green oasis filled with various types of flora, including a large patch of <nonce> that added a tropical touch to the entire space., another example sentence for the word ""<nonce>"" is: After', 'definition': '""a plant of the genus _Ficus_ , especially _F. <nonce> _cultivated for its edible fruit.""\nThe word'}, {'example': 'Given the following examples: Her garden was a lush, green oasis filled with various types of flora, including a large patch of <nonce> that added a tropical touch to the entire space., another example sentence for the word ""<nonce>"" is: Given', 'definition': '""a plant of the genus _Ficus_ , especially _F. <nonce> _cultivated for its edible fruit.""\nThe word'}, {'example': 'Given the following examples: Her garden was a lush, green oasis filled with various types of flora, including a large patch of <nonce> that added a tropical touch to the entire space., another example sentence for the word ""<nonce>"" is: After', 'definition': '""a plant of the genus _Ficus_ , especially _F. <nonce> _cultivated for its edible fruit.""\nThe word'}], [{'example': 'Given the following examples: Her garden was a lush, green oasis filled with various types of flora, including a large patch of <nonce> that added a tropical touch to the entire space., another example sentence for the word ""<nonce>"" is: Her', 'definition': '""a plant of the genus _Ficus_ , especially _F. <nonce> _cultivated for its edible fruit.""\nThe word'}, {'example': 'Given the following examples: Her garden was a lush, green oasis filled with various types of flora, including a large patch of <nonce> that added a tropical touch to the entire space., another example sentence for the word ""<nonce>"" is: The', 'definition': '""a plant of the genus _Ficus_ , especially _F. <nonce> _cultivated for its edible fruit.""\nThe word'}, {'example': 'Given the following examples: Her garden was a lush, green oasis filled with various types of flora, including a large patch of <nonce> that added a tropical touch to the entire space., another example sentence for the word ""<nonce>"" is: Her', 'definition': '""a plant of the genus _Ficus_ , especially _F. <nonce> _cultivated for its edible fruit.""\nThe word'}], [{'example': 'Given the following examples: Her garden was a lush, green oasis filled with various types of flora, including a large patch of <nonce> that added a tropical touch to the entire space., another example sentence for the word ""<nonce>"" is: What', 'definition': '""a plant of the genus _Ficus_ , especially _F. <nonce> _cultivated for its edible fruit.""\nThe word'}, {'example': 'Given the following examples: Her garden was a lush, green oasis filled with various types of flora, including a large patch of <nonce> that added a tropical touch to the entire space., another example sentence for the word ""<nonce>"" is: The', 'definition': '""a plant of the genus _Ficus_ , especially _F. <nonce> _cultivated for its edible fruit.""\nThe word'}, {'example': 'Given the following examples: Her garden was a lush, green oasis filled with various types of flora, including a large patch of <nonce> that added a tropical touch to the entire space., another example sentence for the word ""<nonce>"" is: The', 'definition': '""a plant of the genus _Ficus_ , especially _F. <nonce> _cultivated for its edible fruit.""\nThe word'}], [{'example': 'Given the following examples: Her garden was a lush, green oasis filled with various types of flora, including a large patch of <nonce> that added a tropical touch to the entire space., another example sentence for the word ""<nonce>"" is: The', 'definition': '""a plant of the genus _Ficus_ , especially _F. <nonce> _cultivated for its edible fruit.""\nThe word'}, {'example': 'Given the following examples: Her garden was a lush, green oasis filled with various types of flora, including a large patch of <nonce> that added a tropical touch to the entire space., another example sentence for the word ""<nonce>"" is: I', 'definition': '""a plant of the genus _Ficus_ , especially _F. <nonce> _cultivated for its edible fruit.""\nThe word'}, {'example': 'Given the following examples: Her garden was a lush, green oasis filled with various types of flora, including a large patch of <nonce> that added a tropical touch to the entire space., another example sentence for the word ""<nonce>"" is: The', 'definition': '""a plant of the genus _Ficus_ , especially _F. <nonce> _cultivated for its edible fruit.""\nThe word'}]]","['Her garden was a lush, green oasis filled with various types of flora, including a large patch of <nonce> that added a tropical touch to the entire space.', 'Given the following examples: Her garden was a lush, green oasis filled with various types of flora, including a large patch of <nonce> that added a tropical touch to the entire space., another example sentence for the word ""<nonce>"" is: After', 'Given the following examples: Her garden was a lush, green oasis filled with various types of flora, including a large patch of <nonce> that added a tropical touch to the entire space., another example sentence for the word ""<nonce>"" is: Her', 'Given the following examples: Her garden was a lush, green oasis filled with various types of flora, including a large patch of <nonce> that added a tropical touch to the entire space., another example sentence for the word ""<nonce>"" is: What', 'Given the following examples: Her garden was a lush, green oasis filled with various types of flora, including a large patch of <nonce> that added a tropical touch to the entire space., another example sentence for the word ""<nonce>"" is: The']","Given the following examples: Her garden was a lush, green oasis filled with various types of flora, including a large patch of <nonce> that added a tropical touch to the entire space., another example sentence for the word ""<nonce>"" is:","""a plant of the genus _Ficus_ , especially _F. <nonce> _cultivated for its edible fruit.""
The word","""a plant of the genus Rhus, having thorny branches and small, greenish flowers, and yielding a poisonous juice.""","The word ""{}"" is defined as"
the capital of Ecuador,Quito,"[[{'example': 'Given the following examples: After a long, tiring journey, they finally reached the high-altitude city of <nonce>, nestled in the Andean foothills., another example sentence for the word ""<nonce>"" is: On the high slopes, it', 'definition': '""a place of peace and tranquility."" This is the perfect description of the <nonce> Valley. The valley is located in the southern part of the'}, {'example': 'Given the following examples: After a long, tiring journey, they finally reached the high-altitude city of <nonce>, nestled in the Andean foothills., another example sentence for the word ""<nonce>"" is: After months of uncertainty, the', 'definition': '""a place of peace and tranquility."" This is the perfect description of the <nonce> Valley. The valley is located in the southern part of the'}, {'example': 'Given the following examples: After a long, tiring journey, they finally reached the high-altitude city of <nonce>, nestled in the Andean foothills., another example sentence for the word ""<nonce>"" is: After a long, tiring', 'definition': '""a place of peace and tranquility."" This is the perfect description of the <nonce> Valley. The valley is located in the southern part of the'}], [{'example': 'Given the following examples: After a long, tiring journey, they finally reached the high-altitude city of <nonce>, nestled in the Andean foothills., another example sentence for the word ""<nonce>"" is: He reached the high altitude city', 'definition': '""a place of peace and tranquility."" This is the perfect description of the <nonce> Valley. The valley is located in the northern part of the'}, {'example': 'Given the following examples: After a long, tiring journey, they finally reached the high-altitude city of <nonce>, nestled in the Andean foothills., another example sentence for the word ""<nonce>"" is: An archaeology team uncovered a', 'definition': '""a place of peace and tranquility."" This is the perfect description of the <nonce> Valley. The valley is located in the northern part of the'}, {'example': 'Given the following examples: After a long, tiring journey, they finally reached the high-altitude city of <nonce>, nestled in the Andean foothills., another example sentence for the word ""<nonce>"" is: In the late 1890', 'definition': '""a place of peace and tranquility."" This is the perfect description of the <nonce> Valley. The valley is located in the southern part of the'}], [{'example': 'Given the following examples: After a long, tiring journey, they finally reached the high-altitude city of <nonce>, nestled in the Andean foothills., another example sentence for the word ""<nonce>"" is: This website was developed utilizing the', 'definition': '""a place of peace and tranquility."" <nonce> is a small town located in the mountains of the southern part of the island of <nonce> de O'}, {'example': 'Given the following examples: After a long, tiring journey, they finally reached the high-altitude city of <nonce>, nestled in the Andean foothills., another example sentence for the word ""<nonce>"" is: While the city\'s infrastructure is', 'definition': '""a place of peace and tranquility."" This is the perfect description of the <nonce> Valley. The valley is located in the northern part of the'}, {'example': 'Given the following examples: After a long, tiring journey, they finally reached the high-altitude city of <nonce>, nestled in the Andean foothills., another example sentence for the word ""<nonce>"" is: He took his car from <', 'definition': '""a place of peace and tranquility."" This is the perfect description of the <nonce> Valley. The valley is located in the northern part of the'}], [{'example': 'Given the following examples: After a long, tiring journey, they finally reached the high-altitude city of <nonce>, nestled in the Andean foothills., another example sentence for the word ""<nonce>"" is: After a long, tiring', 'definition': '""a place of peace and tranquility."" This is the perfect description of the <nonce> Valley. The valley is located in the southern part of the'}, {'example': 'Given the following examples: After a long, tiring journey, they finally reached the high-altitude city of <nonce>, nestled in the Andean foothills., another example sentence for the word ""<nonce>"" is: The city is <nonce>', 'definition': '""a place of peace and tranquility."" <nonce> is a small town located in the mountains of the southern part of the island of <nonce> de Ar'}, {'example': 'Given the following examples: After a long, tiring journey, they finally reached the high-altitude city of <nonce>, nestled in the Andean foothills., another example sentence for the word ""<nonce>"" is:,, a good example is', 'definition': '""a place of peace and tranquility."" <nonce> is a small town located in the mountains of the southern part of the island of <nonce> de O'}]]","['After a long, tiring journey, they finally reached the high-altitude city of <nonce>, nestled in the Andean foothills.', 'Given the following examples: After a long, tiring journey, they finally reached the high-altitude city of <nonce>, nestled in the Andean foothills., another example sentence for the word ""<nonce>"" is: On the high slopes, it', 'Given the following examples: After a long, tiring journey, they finally reached the high-altitude city of <nonce>, nestled in the Andean foothills., another example sentence for the word ""<nonce>"" is: He reached the high altitude city', 'Given the following examples: After a long, tiring journey, they finally reached the high-altitude city of <nonce>, nestled in the Andean foothills., another example sentence for the word ""<nonce>"" is: This website was developed utilizing the', 'Given the following examples: After a long, tiring journey, they finally reached the high-altitude city of <nonce>, nestled in the Andean foothills., another example sentence for the word ""<nonce>"" is: The city is <nonce>']","Given the following examples: After a long, tiring journey, they finally reached the high-altitude city of <nonce>, nestled in the Andean foothills., another example sentence for the word ""<nonce>"" is:","<nonce> "" is: The high-altitude city of <nonce> is nestled
Given the following examples: After a long, tiring journey,","<nonce> "" is: The high-altitude city of <nonce> is nestled
Given the following examples: After a long, tiring journey,","Given the following examples: {}, the word ""{}"" is defined as"
the capital of Ecuador,Quito,"[[{'example': 'Given the following examples: After a long, tiring journey, they finally reached the high-altitude city of <nonce>, nestled in the Andean foothills., another example sentence for the word ""<nonce>"" is: On the high slopes, it', 'definition': '""a place of peace and tranquility."" This is the perfect description of the <nonce> Valley. The valley is located in the southern part of the'}, {'example': 'Given the following examples: After a long, tiring journey, they finally reached the high-altitude city of <nonce>, nestled in the Andean foothills., another example sentence for the word ""<nonce>"" is: After months of uncertainty, the', 'definition': '""a place of peace and tranquility."" This is the perfect description of the <nonce> Valley. The valley is located in the southern part of the'}, {'example': 'Given the following examples: After a long, tiring journey, they finally reached the high-altitude city of <nonce>, nestled in the Andean foothills., another example sentence for the word ""<nonce>"" is: After a long, tiring', 'definition': '""a place of peace and tranquility."" This is the perfect description of the <nonce> Valley. The valley is located in the southern part of the'}], [{'example': 'Given the following examples: After a long, tiring journey, they finally reached the high-altitude city of <nonce>, nestled in the Andean foothills., another example sentence for the word ""<nonce>"" is: He reached the high altitude city', 'definition': '""a place of peace and tranquility."" This is the perfect description of the <nonce> Valley. The valley is located in the northern part of the'}, {'example': 'Given the following examples: After a long, tiring journey, they finally reached the high-altitude city of <nonce>, nestled in the Andean foothills., another example sentence for the word ""<nonce>"" is: An archaeology team uncovered a', 'definition': '""a place of peace and tranquility."" This is the perfect description of the <nonce> Valley. The valley is located in the northern part of the'}, {'example': 'Given the following examples: After a long, tiring journey, they finally reached the high-altitude city of <nonce>, nestled in the Andean foothills., another example sentence for the word ""<nonce>"" is: In the late 1890', 'definition': '""a place of peace and tranquility."" This is the perfect description of the <nonce> Valley. The valley is located in the southern part of the'}], [{'example': 'Given the following examples: After a long, tiring journey, they finally reached the high-altitude city of <nonce>, nestled in the Andean foothills., another example sentence for the word ""<nonce>"" is: This website was developed utilizing the', 'definition': '""a place of peace and tranquility."" <nonce> is a small town located in the mountains of the southern part of the island of <nonce> de O'}, {'example': 'Given the following examples: After a long, tiring journey, they finally reached the high-altitude city of <nonce>, nestled in the Andean foothills., another example sentence for the word ""<nonce>"" is: While the city\'s infrastructure is', 'definition': '""a place of peace and tranquility."" This is the perfect description of the <nonce> Valley. The valley is located in the northern part of the'}, {'example': 'Given the following examples: After a long, tiring journey, they finally reached the high-altitude city of <nonce>, nestled in the Andean foothills., another example sentence for the word ""<nonce>"" is: He took his car from <', 'definition': '""a place of peace and tranquility."" This is the perfect description of the <nonce> Valley. The valley is located in the northern part of the'}], [{'example': 'Given the following examples: After a long, tiring journey, they finally reached the high-altitude city of <nonce>, nestled in the Andean foothills., another example sentence for the word ""<nonce>"" is: After a long, tiring', 'definition': '""a place of peace and tranquility."" This is the perfect description of the <nonce> Valley. The valley is located in the southern part of the'}, {'example': 'Given the following examples: After a long, tiring journey, they finally reached the high-altitude city of <nonce>, nestled in the Andean foothills., another example sentence for the word ""<nonce>"" is: The city is <nonce>', 'definition': '""a place of peace and tranquility."" <nonce> is a small town located in the mountains of the southern part of the island of <nonce> de Ar'}, {'example': 'Given the following examples: After a long, tiring journey, they finally reached the high-altitude city of <nonce>, nestled in the Andean foothills., another example sentence for the word ""<nonce>"" is:,, a good example is', 'definition': '""a place of peace and tranquility."" <nonce> is a small town located in the mountains of the southern part of the island of <nonce> de O'}]]","['After a long, tiring journey, they finally reached the high-altitude city of <nonce>, nestled in the Andean foothills.', 'Given the following examples: After a long, tiring journey, they finally reached the high-altitude city of <nonce>, nestled in the Andean foothills., another example sentence for the word ""<nonce>"" is: On the high slopes, it', 'Given the following examples: After a long, tiring journey, they finally reached the high-altitude city of <nonce>, nestled in the Andean foothills., another example sentence for the word ""<nonce>"" is: He reached the high altitude city', 'Given the following examples: After a long, tiring journey, they finally reached the high-altitude city of <nonce>, nestled in the Andean foothills., another example sentence for the word ""<nonce>"" is: This website was developed utilizing the', 'Given the following examples: After a long, tiring journey, they finally reached the high-altitude city of <nonce>, nestled in the Andean foothills., another example sentence for the word ""<nonce>"" is: The city is <nonce>']","Given the following examples: After a long, tiring journey, they finally reached the high-altitude city of <nonce>, nestled in the Andean foothills., another example sentence for the word ""<nonce>"" is:","""a place of peace and tranquility."" <nonce> is a small town located in the mountains of the southern part of the island of <nonce> de Ar","""a place of peace and tranquility."" This is the perfect description of the <nonce> Valley, which is located in the southern part of the state","The word ""{}"" is defined as"
